Domain,URL,Email,Telefon,Branche,Größe,Priorität,Pain Points,Approach,Zahlungsarten
"agrarflora.de","https://agrarflora.de","info@agrarflora.de","067506911","Garten/Agrar","Groß","Hoch","Sicherheitslücken ohne Updates | Reputationsrisiko bei Datenpanne | Compliance/DSGVO-Haftung","Persönliches Meeting anbieten | Referenzen aus gleicher Branche nennen","paypal, klarna, amazon_pay"
"akkushop.de","https://akkushop.de","","071517071010","Elektronik/Energie","Groß","Hoch","Sicherheitslücken ohne Updates | Reputationsrisiko bei Datenpanne | Compliance/DSGVO-Haftung","Persönliches Meeting anbieten | Referenzen aus gleicher Branche nennen","paypal, klarna, amazon_pay"
"beamer-discount.de","https://beamer-discount.de","vertrieb@projektor.ag","02217199810","Medien/Technik","Groß","Hoch","Sicherheitslücken ohne Updates | Reputationsrisiko bei Datenpanne | Compliance/DSGVO-Haftung","Persönliches Meeting anbieten | Referenzen aus gleicher Branche nennen","paypal, klarna, amazon_pay"
"best-software.de","https://best-software.de","","050639029997","Sonstiges","Groß","Hoch","Sicherheitslücken ohne Updates | Reputationsrisiko bei Datenpanne | Compliance/DSGVO-Haftung","Persönliches Meeting anbieten | Referenzen aus gleicher Branche nennen","paypal, stripe, amazon_pay, apple_pay, google_pay"
"blitzhandel24.de","https://blitzhandel24.de","shop@blitzhandel24.de","08001100077","Sonstiges","Groß","Hoch","Sicherheitslücken ohne Updates | Reputationsrisiko bei Datenpanne | Compliance/DSGVO-Haftung","Persönliches Meeting anbieten | Referenzen aus gleicher Branche nennen","paypal, klarna, stripe, amazon_pay"
"c-ludwig.de","https://c-ludwig.de","info@c-ludwig.de","0049896926310","Sonstiges","Groß","Hoch","Sicherheitslücken ohne Updates | Reputationsrisiko bei Datenpanne | Compliance/DSGVO-Haftung","Persönliches Meeting anbieten | Referenzen aus gleicher Branche nennen","paypal, klarna, amazon_pay"
"easynotebooks.de","https://easynotebooks.de","","00250255350355","Sonstiges","Groß","Hoch","Sicherheitslücken ohne Updates | Reputationsrisiko bei Datenpanne | Compliance/DSGVO-Haftung","Persönliches Meeting anbieten | Referenzen aus gleicher Branche nennen","paypal, klarna, amazon_pay"
"eibabo.com","https://eibabo.com","","0836720160919","Sonstiges","Groß","Hoch","Sicherheitslücken ohne Updates | Reputationsrisiko bei Datenpanne | Compliance/DSGVO-Haftung","Persönliches Meeting anbieten | Referenzen aus gleicher Branche nennen","paypal, klarna, amazon_pay"
"feel-beauty.de","https://feel-beauty.de","service@feel-beauty.de","","Beauty/Wellness","Groß","Hoch","Sicherheitslücken ohne Updates | Reputationsrisiko bei Datenpanne | Compliance/DSGVO-Haftung","Persönliches Meeting anbieten | Referenzen aus gleicher Branche nennen","paypal, klarna, amazon_pay"
"fundis-reitsport.de","https://fundis-reitsport.de","","+4979045599100","Sport/Freizeit","Groß","Hoch","Sicherheitslücken ohne Updates | Reputationsrisiko bei Datenpanne | Compliance/DSGVO-Haftung","Persönliches Meeting anbieten | Referenzen aus gleicher Branche nennen","paypal, klarna, amazon_pay"
"heimkino.de","https://heimkino.de","info@heimkino.de","+4922158832420","Möbel/Wohnen","Groß","Hoch","Sicherheitslücken ohne Updates | Reputationsrisiko bei Datenpanne | Compliance/DSGVO-Haftung","Persönliches Meeting anbieten | Referenzen aus gleicher Branche nennen","paypal, klarna, amazon_pay"
"holz-und-handlauf.de","https://holz-und-handlauf.de","info@holz-und-handlauf.de","+4993749788855","Sonstiges","Groß","Hoch","Sicherheitslücken ohne Updates | Reputationsrisiko bei Datenpanne | Compliance/DSGVO-Haftung","Persönliches Meeting anbieten | Referenzen aus gleicher Branche nennen","paypal, klarna, amazon_pay"
"holzwelt-graef.de","https://holzwelt-graef.de","info@holzwelt-graef.de","0421564800","Sonstiges","Groß","Hoch","Sicherheitslücken ohne Updates | Reputationsrisiko bei Datenpanne | Compliance/DSGVO-Haftung","Persönliches Meeting anbieten | Referenzen aus gleicher Branche nennen","paypal, klarna, amazon_pay"
"loadcare.de","https://loadcare.de","","+4938112183192","Sonstiges","Groß","Hoch","Sicherheitslücken ohne Updates | Reputationsrisiko bei Datenpanne | Compliance/DSGVO-Haftung","Persönliches Meeting anbieten | Referenzen aus gleicher Branche nennen","paypal, klarna, amazon_pay, apple_pay"
"marc-aurel.com","https://marc-aurel.com","eshop@marc-aurel.com","+4915122737689","Sonstiges","Groß","Hoch","Sicherheitslücken ohne Updates | Reputationsrisiko bei Datenpanne | Compliance/DSGVO-Haftung","Persönliches Meeting anbieten | Referenzen aus gleicher Branche nennen","paypal, klarna, amazon_pay, google_pay"
"naehmaschinen-paradies.de","https://naehmaschinen-paradies.de","","0713168123","Sport/Freizeit","Groß","Hoch","Sicherheitslücken ohne Updates | Reputationsrisiko bei Datenpanne | Compliance/DSGVO-Haftung","Persönliches Meeting anbieten | Referenzen aus gleicher Branche nennen","paypal, klarna, amazon_pay"
"office-partner.de","https://office-partner.de","shop@office-partner.de","+4925429558250","Büro/Office","Groß","Hoch","Sicherheitslücken ohne Updates | Reputationsrisiko bei Datenpanne | Compliance/DSGVO-Haftung","Persönliches Meeting anbieten | Referenzen aus gleicher Branche nennen","paypal, klarna, amazon_pay, apple_pay"
"party.de","https://party.de","","045316401","Sonstiges","Groß","Hoch","Sicherheitslücken ohne Updates | Reputationsrisiko bei Datenpanne | Compliance/DSGVO-Haftung","Persönliches Meeting anbieten | Referenzen aus gleicher Branche nennen","paypal, klarna, amazon_pay"
"schuhhaus-strauch.de","https://schuhhaus-strauch.de","service@schuhhaus-strauch.de","035603189092","Mode/Textil","Groß","Hoch","Sicherheitslücken ohne Updates | Reputationsrisiko bei Datenpanne | Compliance/DSGVO-Haftung","Persönliches Meeting anbieten | Referenzen aus gleicher Branche nennen","paypal, klarna, amazon_pay, apple_pay"
"softwarehunter.de","https://softwarehunter.de","support@softwarehunter.de","021717949087","Sonstiges","Groß","Hoch","Sicherheitslücken ohne Updates | Reputationsrisiko bei Datenpanne | Compliance/DSGVO-Haftung","Persönliches Meeting anbieten | Referenzen aus gleicher Branche nennen","paypal, klarna, amazon_pay"
"softwareindustrie24.de","https://softwareindustrie24.de","","06799859040224","Sonstiges","Groß","Hoch","Sicherheitslücken ohne Updates | Reputationsrisiko bei Datenpanne | Compliance/DSGVO-Haftung","Persönliches Meeting anbieten | Referenzen aus gleicher Branche nennen","paypal, klarna, stripe, amazon_pay"
"softwarekaufen24.de","https://softwarekaufen24.de","","051219289017","Sonstiges","Groß","Hoch","Sicherheitslücken ohne Updates | Reputationsrisiko bei Datenpanne | Compliance/DSGVO-Haftung","Persönliches Meeting anbieten | Referenzen aus gleicher Branche nennen","paypal, klarna, stripe, amazon_pay, apple_pay, google_pay"
"softwaremarkt24.de","https://softwaremarkt24.de","","004951219288807","Sonstiges","Groß","Hoch","Sicherheitslücken ohne Updates | Reputationsrisiko bei Datenpanne | Compliance/DSGVO-Haftung","Persönliches Meeting anbieten | Referenzen aus gleicher Branche nennen","paypal, klarna, amazon_pay, apple_pay"
"sportspar.de","https://sportspar.de","","073088507","Sport/Freizeit","Groß","Hoch","Sicherheitslücken ohne Updates | Reputationsrisiko bei Datenpanne | Compliance/DSGVO-Haftung","Persönliches Meeting anbieten | Referenzen aus gleicher Branche nennen","paypal, klarna, amazon_pay"
"staubsaugerladen.de","https://staubsaugerladen.de","","+497161352788","Sonstiges","Groß","Hoch","Sicherheitslücken ohne Updates | Reputationsrisiko bei Datenpanne | Compliance/DSGVO-Haftung","Persönliches Meeting anbieten | Referenzen aus gleicher Branche nennen","paypal, klarna, amazon_pay"
"the-jeans.de","https://the-jeans.de","info@the-jeans.de","052141231","Sonstiges","Groß","Hoch","Sicherheitslücken ohne Updates | Reputationsrisiko bei Datenpanne | Compliance/DSGVO-Haftung","Persönliches Meeting anbieten | Referenzen aus gleicher Branche nennen","paypal, klarna, amazon_pay"
"weekview.de","https://weekview.de","webshop@weekview.de","08990157771","Sonstiges","Groß","Hoch","Sicherheitslücken ohne Updates | Reputationsrisiko bei Datenpanne | Compliance/DSGVO-Haftung","Persönliches Meeting anbieten | Referenzen aus gleicher Branche nennen","paypal, klarna, amazon_pay"
"officepartner.de","https://officepartner.de","shop@office-partner.de","+4925429558250","Büro/Office","Groß","Hoch","Sicherheitslücken ohne Updates | Reputationsrisiko bei Datenpanne | Compliance/DSGVO-Haftung","Persönliches Meeting anbieten | Referenzen aus gleicher Branche nennen","paypal, klarna, amazon_pay, apple_pay"
"paper-markt.de","https://paper-markt.de","","025676603701","Sonstiges","Groß","Hoch","Sicherheitslücken ohne Updates | Reputationsrisiko bei Datenpanne | Compliance/DSGVO-Haftung","Persönliches Meeting anbieten | Referenzen aus gleicher Branche nennen","paypal, klarna, stripe, amazon_pay, apple_pay"
"golfshop.de","https://golfshop.de","","080246499942","Sonstiges","Groß","Hoch","Sicherheitslücken ohne Updates | Reputationsrisiko bei Datenpanne | Compliance/DSGVO-Haftung","Persönliches Meeting anbieten | Referenzen aus gleicher Branche nennen","paypal, klarna, amazon_pay, apple_pay"
"1a-saugnapf.com","https://1a-saugnapf.com","","019833792","Sonstiges","Mittel","Hoch","Sicherheitslücken ohne Updates | Umsatzverlust bei Shop-Ausfall","Kostenlose Analyse anbieten","paypal, klarna, stripe"
"ahw-shop.de","https://ahw-shop.de","","069616747","Sonstiges","Mittel","Hoch","Sicherheitslücken ohne Updates | Umsatzverlust bei Shop-Ausfall","Kostenlose Analyse anbieten","paypal, amazon_pay"
"alu-profile-zuschnitt.de","https://alu-profile-zuschnitt.de","","083333333333333","Bau/Industrie","Mittel","Hoch","Sicherheitslücken ohne Updates | Umsatzverlust bei Shop-Ausfall | Schnittstellen zu ERP/Warenwirtschaft","Kostenlose Analyse anbieten | Technische Expertise betonen","paypal, amazon_pay"
"andalous-dessous.de","https://andalous-dessous.de","service@andalous-dessous.de","024054950080","Mode/Textil","Mittel","Hoch","Sicherheitslücken ohne Updates | Umsatzverlust bei Shop-Ausfall | Moderne UX wichtig für Zielgruppe","Kostenlose Analyse anbieten | SW6 Design-Vorteile zeigen","paypal, amazon_pay"
"automatikshop.de","https://automatikshop.de","info@automatikshop.de","+493023526315","Automotive","Mittel","Hoch","Sicherheitslücken ohne Updates | Umsatzverlust bei Shop-Ausfall | Schnittstellen zu ERP/Warenwirtschaft","Kostenlose Analyse anbieten | Technische Expertise betonen","paypal, stripe, amazon_pay"
"bikemeile24.de","https://bikemeile24.de","","+490783554120","Sport/Freizeit","Mittel","Hoch","Sicherheitslücken ohne Updates | Umsatzverlust bei Shop-Ausfall","Kostenlose Analyse anbieten","paypal, amazon_pay"
"boxerman.de","https://boxerman.de","service@boxerman.de","021190172018","Sonstiges","Mittel","Hoch","Sicherheitslücken ohne Updates | Umsatzverlust bei Shop-Ausfall","Kostenlose Analyse anbieten","paypal, amazon_pay"
"brauen.de","https://brauen.de","info@brauen.de","01912171122","Sonstiges","Mittel","Hoch","Sicherheitslücken ohne Updates | Umsatzverlust bei Shop-Ausfall","Kostenlose Analyse anbieten","paypal, amazon_pay"
"brillenwerk24.de","https://brillenwerk24.de","","044113842","Sonstiges","Mittel","Hoch","Sicherheitslücken ohne Updates | Umsatzverlust bei Shop-Ausfall","Kostenlose Analyse anbieten","paypal, klarna"
"bronze-shop.com","https://bronze-shop.com","","033943781","Sonstiges","Mittel","Hoch","Sicherheitslücken ohne Updates | Umsatzverlust bei Shop-Ausfall","Kostenlose Analyse anbieten","paypal, amazon_pay"
"chapati.de","https://chapati.de","","+493029776027","Sonstiges","Mittel","Hoch","Sicherheitslücken ohne Updates | Umsatzverlust bei Shop-Ausfall","Kostenlose Analyse anbieten","paypal, klarna"
"collonil.com","https://collonil.com","","0582568119","Sonstiges","Mittel","Hoch","Sicherheitslücken ohne Updates | Umsatzverlust bei Shop-Ausfall","Kostenlose Analyse anbieten","paypal, amazon_pay"
"e-lite-led.de","https://e-lite-led.de","kontakt@e-lite-led.de","004915901998918","Sonstiges","Mittel","Hoch","Sicherheitslücken ohne Updates | Umsatzverlust bei Shop-Ausfall","Kostenlose Analyse anbieten","paypal, amazon_pay"
"fairtoner.de","https://fairtoner.de","service@fairtoner.de","","Sonstiges","Mittel","Hoch","Sicherheitslücken ohne Updates | Umsatzverlust bei Shop-Ausfall","Kostenlose Analyse anbieten","paypal, klarna"
"fototorte24.de","https://fototorte24.de","","0800368686783","Sonstiges","Mittel","Hoch","Sicherheitslücken ohne Updates | Umsatzverlust bei Shop-Ausfall","Kostenlose Analyse anbieten","paypal, stripe, amazon_pay"
"frabox.de","https://frabox.de","info@frabox.de","+495251786730","Sonstiges","Mittel","Hoch","Sicherheitslücken ohne Updates | Umsatzverlust bei Shop-Ausfall","Kostenlose Analyse anbieten","paypal, stripe"
"frivolita.de","https://frivolita.de","service@frivolita.de","024054950080","Sonstiges","Mittel","Hoch","Sicherheitslücken ohne Updates | Umsatzverlust bei Shop-Ausfall","Kostenlose Analyse anbieten","paypal, amazon_pay"
"gartentotal.de","https://gartentotal.de","","071192456","Garten/Agrar","Mittel","Hoch","Sicherheitslücken ohne Updates | Umsatzverlust bei Shop-Ausfall","Kostenlose Analyse anbieten","paypal, stripe"
"gehetec.de","https://gehetec.de","info@gehetec.de","069998367","Sonstiges","Mittel","Hoch","Sicherheitslücken ohne Updates | Umsatzverlust bei Shop-Ausfall","Kostenlose Analyse anbieten","paypal, klarna"
"german-toys.com","https://german-toys.com","info@german-toys.com","+498191964545","Sonstiges","Mittel","Hoch","Sicherheitslücken ohne Updates | Umsatzverlust bei Shop-Ausfall","Kostenlose Analyse anbieten","paypal, klarna"
"gleitgut.de","https://gleitgut.de","info@gleitgut.de","0150979910","Sonstiges","Mittel","Hoch","Sicherheitslücken ohne Updates | Umsatzverlust bei Shop-Ausfall","Kostenlose Analyse anbieten","paypal, klarna"
"graefe24.de","https://graefe24.de","","0048281004764","Sonstiges","Mittel","Hoch","Sicherheitslücken ohne Updates | Umsatzverlust bei Shop-Ausfall","Kostenlose Analyse anbieten","paypal, stripe"
"heizman24.de","https://heizman24.de","info@heizman24.de","0001814790","Sonstiges","Mittel","Hoch","Sicherheitslücken ohne Updates | Umsatzverlust bei Shop-Ausfall","Kostenlose Analyse anbieten","paypal, stripe, amazon_pay"
"henne-fashion.com","https://henne-fashion.com","shop@henne-fashion.com","+494212444848","Mode/Textil","Mittel","Hoch","Sicherheitslücken ohne Updates | Umsatzverlust bei Shop-Ausfall | Moderne UX wichtig für Zielgruppe","Kostenlose Analyse anbieten | SW6 Design-Vorteile zeigen","paypal, amazon_pay"
"holzbrx.de","https://holzbrx.de","info@holzbrx.de","037602674117","Sonstiges","Mittel","Hoch","Sicherheitslücken ohne Updates | Umsatzverlust bei Shop-Ausfall","Kostenlose Analyse anbieten","paypal, amazon_pay"
"ism-store.com","https://ism-store.com","service@ism-store.com","","Sonstiges","Mittel","Hoch","Sicherheitslücken ohne Updates | Umsatzverlust bei Shop-Ausfall","Kostenlose Analyse anbieten","paypal, amazon_pay"
"it-nerd24.de","https://it-nerd24.de","","0725815832","Sonstiges","Mittel","Hoch","Sicherheitslücken ohne Updates | Umsatzverlust bei Shop-Ausfall","Kostenlose Analyse anbieten","paypal, stripe"
"ital-design.de","https://ital-design.de","service@ital-design.de","020702757","Sonstiges","Mittel","Hoch","Sicherheitslücken ohne Updates | Umsatzverlust bei Shop-Ausfall","Kostenlose Analyse anbieten","paypal, amazon_pay"
"justhifi.de","https://justhifi.de","info@justhifi.de","041245587","Sonstiges","Mittel","Hoch","Sicherheitslücken ohne Updates | Umsatzverlust bei Shop-Ausfall","Kostenlose Analyse anbieten","paypal, amazon_pay"
"kfp-shop.de","https://kfp-shop.de","service@kfp-pharma.de","061728509012","Sonstiges","Mittel","Hoch","Sicherheitslücken ohne Updates | Umsatzverlust bei Shop-Ausfall","Kostenlose Analyse anbieten","paypal, stripe, amazon_pay"
"kiesundco.de","https://kiesundco.de","kontakt@kiesundco.de","026329839200","Sonstiges","Mittel","Hoch","Sicherheitslücken ohne Updates | Umsatzverlust bei Shop-Ausfall","Kostenlose Analyse anbieten","paypal, amazon_pay"
"kineco-shop.de","https://kineco-shop.de","","+490235494499223","Sonstiges","Mittel","Hoch","Sicherheitslücken ohne Updates | Umsatzverlust bei Shop-Ausfall","Kostenlose Analyse anbieten","paypal, klarna, stripe"
"kistenpfennig-natuerlich-gut.de","https://kistenpfennig-natuerlich-gut.de","","+49613132711400","Sonstiges","Mittel","Hoch","Sicherheitslücken ohne Updates | Umsatzverlust bei Shop-Ausfall","Kostenlose Analyse anbieten","paypal, amazon_pay"
"kleiderschrank.com","https://kleiderschrank.com","info@kleiderschrank.com","021529597464","Mode/Textil","Mittel","Hoch","Sicherheitslücken ohne Updates | Umsatzverlust bei Shop-Ausfall | Moderne UX wichtig für Zielgruppe","Kostenlose Analyse anbieten | SW6 Design-Vorteile zeigen","paypal, klarna"
"kleinschmidtgmbh.com","https://kleinschmidtgmbh.com","info@kleinschmidtgmbh.com","","Sonstiges","Mittel","Hoch","Sicherheitslücken ohne Updates | Umsatzverlust bei Shop-Ausfall","Kostenlose Analyse anbieten","paypal, amazon_pay"
"klinkenfabrik.de","https://klinkenfabrik.de","","+4923717867770","Sonstiges","Mittel","Hoch","Sicherheitslücken ohne Updates | Umsatzverlust bei Shop-Ausfall","Kostenlose Analyse anbieten","paypal, stripe"
"lederjacken24.de","https://lederjacken24.de","","0134203012","Sonstiges","Mittel","Hoch","Sicherheitslücken ohne Updates | Umsatzverlust bei Shop-Ausfall","Kostenlose Analyse anbieten","paypal, amazon_pay"
"leuchtmittel-verkauf.de","https://leuchtmittel-verkauf.de","","+4928712347790","Sonstiges","Mittel","Hoch","Sicherheitslücken ohne Updates | Umsatzverlust bei Shop-Ausfall","Kostenlose Analyse anbieten","paypal, klarna, stripe"
"licensequeen.com","https://licensequeen.com","","040696328500","Sonstiges","Mittel","Hoch","Sicherheitslücken ohne Updates | Umsatzverlust bei Shop-Ausfall","Kostenlose Analyse anbieten","paypal, amazon_pay"
"licensequeen.de","https://licensequeen.de","","040696328500","Sonstiges","Mittel","Hoch","Sicherheitslücken ohne Updates | Umsatzverlust bei Shop-Ausfall","Kostenlose Analyse anbieten","paypal, amazon_pay"
"lichtdiscount.de","https://lichtdiscount.de","info@lichtdiscount.de","02008121209","Sonstiges","Mittel","Hoch","Sicherheitslücken ohne Updates | Umsatzverlust bei Shop-Ausfall","Kostenlose Analyse anbieten","paypal, amazon_pay"
"marken-tresore24.de","https://marken-tresore24.de","","+4943428820691","Sonstiges","Mittel","Hoch","Sicherheitslücken ohne Updates | Umsatzverlust bei Shop-Ausfall","Kostenlose Analyse anbieten","paypal, klarna"
"mein-motoroelshop.de","https://mein-motoroelshop.de","support@optimum-sales.de","+4942611842772","Automotive","Mittel","Hoch","Sicherheitslücken ohne Updates | Umsatzverlust bei Shop-Ausfall | Schnittstellen zu ERP/Warenwirtschaft","Kostenlose Analyse anbieten | Technische Expertise betonen","paypal, klarna"
"meine-stegplatten.de","https://meine-stegplatten.de","info@meine-stegplatten.de","+494793955910","Sonstiges","Mittel","Hoch","Sicherheitslücken ohne Updates | Umsatzverlust bei Shop-Ausfall","Kostenlose Analyse anbieten","paypal, amazon_pay"
"meinlshop.de","https://meinlshop.de","","09161788849","Sonstiges","Mittel","Hoch","Sicherheitslücken ohne Updates | Umsatzverlust bei Shop-Ausfall","Kostenlose Analyse anbieten","paypal, amazon_pay"
"motor-oel-guenstig.de","https://motor-oel-guenstig.de","kontakt@motor-oel-guenstig.de","058190927098","Automotive","Mittel","Hoch","Sicherheitslücken ohne Updates | Umsatzverlust bei Shop-Ausfall | Schnittstellen zu ERP/Warenwirtschaft","Kostenlose Analyse anbieten | Technische Expertise betonen","paypal, amazon_pay"
"motorroller.de","https://motorroller.de","info@motorroller.de","01904021344","Automotive","Mittel","Hoch","Sicherheitslücken ohne Updates | Umsatzverlust bei Shop-Ausfall | Schnittstellen zu ERP/Warenwirtschaft","Kostenlose Analyse anbieten | Technische Expertise betonen","paypal, amazon_pay"
"neuesbad.de","https://neuesbad.de","info@neuesbad.de","","Sonstiges","Mittel","Hoch","Sicherheitslücken ohne Updates | Umsatzverlust bei Shop-Ausfall","Kostenlose Analyse anbieten","paypal, amazon_pay"
"notebookheaven.de","https://notebookheaven.de","","068573646","Sonstiges","Mittel","Hoch","Sicherheitslücken ohne Updates | Umsatzverlust bei Shop-Ausfall","Kostenlose Analyse anbieten","paypal, stripe"
"ofenersatzteileshop.de","https://ofenersatzteileshop.de","","09527024163","Sonstiges","Mittel","Hoch","Sicherheitslücken ohne Updates | Umsatzverlust bei Shop-Ausfall","Kostenlose Analyse anbieten","paypal, amazon_pay"
"office-lieferant.de","https://office-lieferant.de","","+499112740274","Büro/Office","Mittel","Hoch","Sicherheitslücken ohne Updates | Umsatzverlust bei Shop-Ausfall","Kostenlose Analyse anbieten","paypal, amazon_pay"
"outdoortrends.de","https://outdoortrends.de","info@outdoortrends.de","058484667","Garten/Agrar","Mittel","Hoch","Sicherheitslücken ohne Updates | Umsatzverlust bei Shop-Ausfall","Kostenlose Analyse anbieten","paypal, amazon_pay"
"piowald.com","https://piowald.com","info@piowald.com","","Sonstiges","Mittel","Hoch","Sicherheitslücken ohne Updates | Umsatzverlust bei Shop-Ausfall","Kostenlose Analyse anbieten","paypal, stripe, amazon_pay"
"pomadeshop.com","https://pomadeshop.com","info@pomadeshop.de","0615420402162","Sonstiges","Mittel","Hoch","Sicherheitslücken ohne Updates | Umsatzverlust bei Shop-Ausfall","Kostenlose Analyse anbieten","paypal, amazon_pay"
"profivakuum.de","https://profivakuum.de","sven.sauerbier@profivakuum.de","01772194286","Sonstiges","Mittel","Hoch","Sicherheitslücken ohne Updates | Umsatzverlust bei Shop-Ausfall","Kostenlose Analyse anbieten","paypal, amazon_pay"
"reisser-musik.de","https://reisser-musik.de","info@reisser-musik.de","+49731153645","Medien/Technik","Mittel","Hoch","Sicherheitslücken ohne Updates | Umsatzverlust bei Shop-Ausfall","Kostenlose Analyse anbieten","paypal, amazon_pay"
"sanitaets-online.de","https://sanitaets-online.de","service@sanitaets-online.de","028130027460","Sonstiges","Mittel","Hoch","Sicherheitslücken ohne Updates | Umsatzverlust bei Shop-Ausfall","Kostenlose Analyse anbieten","paypal, amazon_pay"
"sanundo.de","https://sanundo.de","","03504629690","Sonstiges","Mittel","Hoch","Sicherheitslücken ohne Updates | Umsatzverlust bei Shop-Ausfall","Kostenlose Analyse anbieten","paypal, amazon_pay"
"scandinavian-lifestyle.de","https://scandinavian-lifestyle.de","info@scandinavian-lifestyle.de","068620727","Sonstiges","Mittel","Hoch","Sicherheitslücken ohne Updates | Umsatzverlust bei Shop-Ausfall","Kostenlose Analyse anbieten","paypal, stripe, amazon_pay"
"seaside64.de","https://seaside64.de","","0055555555555556","Sonstiges","Mittel","Hoch","Sicherheitslücken ohne Updates | Umsatzverlust bei Shop-Ausfall","Kostenlose Analyse anbieten","paypal, klarna"
"shakeover.com","https://shakeover.com","shop@shakeover.com","+4923454296020","Sonstiges","Mittel","Hoch","Sicherheitslücken ohne Updates | Umsatzverlust bei Shop-Ausfall","Kostenlose Analyse anbieten","paypal, stripe"
"sport-wanninger.de","https://sport-wanninger.de","","+498001000120","Sport/Freizeit","Mittel","Hoch","Sicherheitslücken ohne Updates | Umsatzverlust bei Shop-Ausfall","Kostenlose Analyse anbieten","paypal, klarna, apple_pay"
"stilwahl.de","https://stilwahl.de","","001801818018","Sonstiges","Mittel","Hoch","Sicherheitslücken ohne Updates | Umsatzverlust bei Shop-Ausfall","Kostenlose Analyse anbieten","paypal, amazon_pay"
"synergy-networks.de","https://synergy-networks.de","sales@synergy-networks.de","0069444444444444","Sonstiges","Mittel","Hoch","Sicherheitslücken ohne Updates | Umsatzverlust bei Shop-Ausfall","Kostenlose Analyse anbieten","paypal, stripe"
"tenderey.de","https://tenderey.de","","040102580","Sonstiges","Mittel","Hoch","Sicherheitslücken ohne Updates | Umsatzverlust bei Shop-Ausfall","Kostenlose Analyse anbieten","paypal, amazon_pay"
"teso-shop.de","https://teso-shop.de","info@teso-shop.de","+493578787752","Sonstiges","Mittel","Hoch","Sicherheitslücken ohne Updates | Umsatzverlust bei Shop-Ausfall","Kostenlose Analyse anbieten","paypal, amazon_pay"
"thegoodthings.de","https://thegoodthings.de","franc.apel@thegoodthings.de","068635415","Sonstiges","Mittel","Hoch","Sicherheitslücken ohne Updates | Umsatzverlust bei Shop-Ausfall","Kostenlose Analyse anbieten","paypal, stripe, amazon_pay"
"thinkstore24.de","https://thinkstore24.de","info@thinkstore24.de","020838574377","Sonstiges","Mittel","Hoch","Sicherheitslücken ohne Updates | Umsatzverlust bei Shop-Ausfall","Kostenlose Analyse anbieten","paypal, amazon_pay"
"tintenmarkt.de","https://tintenmarkt.de","","072410957","Sonstiges","Mittel","Hoch","Sicherheitslücken ohne Updates | Umsatzverlust bei Shop-Ausfall","Kostenlose Analyse anbieten","paypal, amazon_pay"
"tonerlieferant24.de","https://tonerlieferant24.de","","030403641660","Sonstiges","Mittel","Hoch","Sicherheitslücken ohne Updates | Umsatzverlust bei Shop-Ausfall","Kostenlose Analyse anbieten","paypal, amazon_pay"
"tonitec.com","https://tonitec.com","kundenservice@tonitec.com","078724650","Sonstiges","Mittel","Hoch","Sicherheitslücken ohne Updates | Umsatzverlust bei Shop-Ausfall","Kostenlose Analyse anbieten","paypal, amazon_pay"
"torten-boutique.de","https://torten-boutique.de","","059623989813","Sonstiges","Mittel","Hoch","Sicherheitslücken ohne Updates | Umsatzverlust bei Shop-Ausfall","Kostenlose Analyse anbieten","paypal, amazon_pay"
"vandenhoeck-ruprecht-verlage.com","https://vandenhoeck-ruprecht-verlage.com","","0419783525700181","Sonstiges","Mittel","Hoch","Sicherheitslücken ohne Updates | Umsatzverlust bei Shop-Ausfall","Kostenlose Analyse anbieten","paypal, amazon_pay"
"volksversand.de","https://volksversand.de","info@volksversand.de","","Sonstiges","Mittel","Hoch","Sicherheitslücken ohne Updates | Umsatzverlust bei Shop-Ausfall","Kostenlose Analyse anbieten","paypal, klarna"
"vorlagen-center.com","https://vorlagen-center.com","service@vorlagen-center.com","+4961814187941","Sonstiges","Mittel","Hoch","Sicherheitslücken ohne Updates | Umsatzverlust bei Shop-Ausfall","Kostenlose Analyse anbieten","paypal, klarna, stripe"
"wiresoft.com","https://wiresoft.com","info@wiresoft.com","060153557","Sonstiges","Mittel","Hoch","Sicherheitslücken ohne Updates | Umsatzverlust bei Shop-Ausfall","Kostenlose Analyse anbieten","paypal, stripe"
"wolle-aktuell.de","https://wolle-aktuell.de","","069595114","Sonstiges","Mittel","Hoch","Sicherheitslücken ohne Updates | Umsatzverlust bei Shop-Ausfall","Kostenlose Analyse anbieten","paypal, stripe, apple_pay"
"wollzauber.com","https://wollzauber.com","","00352400506","Sonstiges","Mittel","Hoch","Sicherheitslücken ohne Updates | Umsatzverlust bei Shop-Ausfall","Kostenlose Analyse anbieten","paypal, amazon_pay"
"zahaira.de","https://zahaira.de","","+4952198877820","Sonstiges","Mittel","Hoch","Sicherheitslücken ohne Updates | Umsatzverlust bei Shop-Ausfall","Kostenlose Analyse anbieten","paypal, stripe"
"zisternenprofi.de","https://zisternenprofi.de","info@zisternenprofi.de","0906146213","Sonstiges","Mittel","Hoch","Sicherheitslücken ohne Updates | Umsatzverlust bei Shop-Ausfall","Kostenlose Analyse anbieten","paypal, klarna"
"zweiradteile.net","https://zweiradteile.net","","031746031746","Sport/Freizeit","Mittel","Hoch","Sicherheitslücken ohne Updates | Umsatzverlust bei Shop-Ausfall","Kostenlose Analyse anbieten","paypal, klarna, apple_pay"
"boesner.com","https://boesner.com","","+4923029106613","Sonstiges","Mittel","Hoch","Sicherheitslücken ohne Updates | Umsatzverlust bei Shop-Ausfall","Kostenlose Analyse anbieten","paypal, stripe"
"casper.de","https://casper.de","nutzer@beispiel.de","","Sonstiges","Mittel","Hoch","Sicherheitslücken ohne Updates | Umsatzverlust bei Shop-Ausfall","Kostenlose Analyse anbieten","paypal, mollie"
"boker.de","https://boker.de","","01812030839","Sonstiges","Mittel","Hoch","Sicherheitslücken ohne Updates | Umsatzverlust bei Shop-Ausfall","Kostenlose Analyse anbieten","paypal, klarna"
"hiq24.de","https://hiq24.de","","+492404552222","Sonstiges","Mittel","Hoch","Sicherheitslücken ohne Updates | Umsatzverlust bei Shop-Ausfall","Kostenlose Analyse anbieten","paypal, amazon_pay"
"kmcomputer.de","https://kmcomputer.de","","0213943551","Sonstiges","Mittel","Hoch","Sicherheitslücken ohne Updates | Umsatzverlust bei Shop-Ausfall","Kostenlose Analyse anbieten","paypal, amazon_pay"
"schuhe24.de","https://schuhe24.de","","01909250854","Mode/Textil","Mittel","Hoch","Sicherheitslücken ohne Updates | Umsatzverlust bei Shop-Ausfall | Moderne UX wichtig für Zielgruppe","Kostenlose Analyse anbieten | SW6 Design-Vorteile zeigen","paypal, klarna"
"stratic.de","https://stratic.de","","05131596090","Sonstiges","Mittel","Hoch","Sicherheitslücken ohne Updates | Umsatzverlust bei Shop-Ausfall","Kostenlose Analyse anbieten","paypal, stripe"
"alles-zum-schlafen.de","https://alles-zum-schlafen.de","","052759857","Sonstiges","Mittel","Hoch","Sicherheitslücken ohne Updates | Umsatzverlust bei Shop-Ausfall","Kostenlose Analyse anbieten","paypal, amazon_pay"
"bbq-toro.de","https://bbq-toro.de","verkauf@cs-trading.de","","Sonstiges","Mittel","Hoch","Sicherheitslücken ohne Updates | Umsatzverlust bei Shop-Ausfall","Kostenlose Analyse anbieten","paypal, amazon_pay"
"bunert.de","https://bunert.de","","+4921117546800","Sonstiges","Mittel","Hoch","Sicherheitslücken ohne Updates | Umsatzverlust bei Shop-Ausfall","Kostenlose Analyse anbieten","paypal, stripe, amazon_pay"
"copterfarm.de","https://copterfarm.de","","060073331664","Sonstiges","Mittel","Hoch","Sicherheitslücken ohne Updates | Umsatzverlust bei Shop-Ausfall","Kostenlose Analyse anbieten","paypal, amazon_pay"
"gartenhausfabrik.de","https://gartenhausfabrik.de","service@gartenhausfabrik.de","030233267170","Garten/Agrar","Mittel","Hoch","Sicherheitslücken ohne Updates | Umsatzverlust bei Shop-Ausfall","Kostenlose Analyse anbieten","paypal, amazon_pay"
"meinhausshop.de","https://meinhausshop.de","info@meinhausshop.de","058388072730753","Sonstiges","Mittel","Hoch","Sicherheitslücken ohne Updates | Umsatzverlust bei Shop-Ausfall","Kostenlose Analyse anbieten","paypal, amazon_pay"
"nurgutes.de","https://nurgutes.de","","+495921302790","Sonstiges","Mittel","Hoch","Sicherheitslücken ohne Updates | Umsatzverlust bei Shop-Ausfall","Kostenlose Analyse anbieten","paypal, stripe"
"stoffe-werning.de","https://stoffe-werning.de","","079829171","Sonstiges","Mittel","Hoch","Sicherheitslücken ohne Updates | Umsatzverlust bei Shop-Ausfall","Kostenlose Analyse anbieten","paypal, stripe"
"wellenshop.de","https://wellenshop.de","","+4935126561113","Sonstiges","Mittel","Hoch","Sicherheitslücken ohne Updates | Umsatzverlust bei Shop-Ausfall","Kostenlose Analyse anbieten","paypal, amazon_pay"
"alango.de","https://alango.de","info@alango.de","015846211","Sonstiges","Klein","Normal","Sicherheitslücken ohne Updates | Einfache Lösung für komplexes Problem","Paketpreis für Migration nennen | Schnelle Umsetzung betonen","paypal"
"alpenclassics.de","https://alpenclassics.de","service@alpenclassics.de","069908550","Sonstiges","Klein","Normal","Sicherheitslücken ohne Updates | Einfache Lösung für komplexes Problem","Paketpreis für Migration nennen | Schnelle Umsetzung betonen","paypal"
"altenbrand.net","https://altenbrand.net","","+496692202290","Sonstiges","Klein","Normal","Sicherheitslücken ohne Updates | Einfache Lösung für komplexes Problem","Paketpreis für Migration nennen | Schnelle Umsetzung betonen","paypal"
"alu-messing-shop.de","https://alu-messing-shop.de","","+4925579296363","Bau/Industrie","Klein","Normal","Sicherheitslücken ohne Updates | Einfache Lösung für komplexes Problem | Schnittstellen zu ERP/Warenwirtschaft","Paketpreis für Migration nennen | Schnelle Umsetzung betonen","paypal"
"ariadne.de","https://ariadne.de","","07214647290","Sonstiges","Klein","Normal","Sicherheitslücken ohne Updates | Einfache Lösung für komplexes Problem","Paketpreis für Migration nennen | Schnelle Umsetzung betonen","paypal"
"auragentum.de","https://auragentum.de","info@auragentum.de","040027598","Sonstiges","Klein","Normal","Sicherheitslücken ohne Updates | Einfache Lösung für komplexes Problem","Paketpreis für Migration nennen | Schnelle Umsetzung betonen","paypal"
"azubishop24.de","https://azubishop24.de","","070335487760","Sonstiges","Klein","Normal","Sicherheitslücken ohne Updates | Einfache Lösung für komplexes Problem","Paketpreis für Migration nennen | Schnelle Umsetzung betonen","paypal"
"bb-buch.de","https://bb-buch.de","","000000000197","Sonstiges","Klein","Normal","Sicherheitslücken ohne Updates | Einfache Lösung für komplexes Problem","Paketpreis für Migration nennen | Schnelle Umsetzung betonen","paypal"
"beam-shop.de","https://beam-shop.de","","09783845355757","Sonstiges","Klein","Normal","Sicherheitslücken ohne Updates | Einfache Lösung für komplexes Problem","Paketpreis für Migration nennen | Schnelle Umsetzung betonen","paypal"
"beha-web.de","https://beha-web.de","","+493948181150","Sonstiges","Klein","Normal","Sicherheitslücken ohne Updates | Einfache Lösung für komplexes Problem","Paketpreis für Migration nennen | Schnelle Umsetzung betonen","paypal"
"besserdampfen.de","https://besserdampfen.de","service@besserdampfen.de","+4967539699999","Sonstiges","Klein","Normal","Sicherheitslücken ohne Updates | Einfache Lösung für komplexes Problem","Paketpreis für Migration nennen | Schnelle Umsetzung betonen","paypal"
"bio-naturel.de","https://bio-naturel.de","","0269570051","Food/Genuss","Klein","Normal","Sicherheitslücken ohne Updates | Einfache Lösung für komplexes Problem | Strenge Compliance-Anforderungen","Paketpreis für Migration nennen | Schnelle Umsetzung betonen","paypal"
"camp4.de","https://camp4.de","","+4930322966200","Sonstiges","Klein","Normal","Sicherheitslücken ohne Updates | Einfache Lösung für komplexes Problem","Paketpreis für Migration nennen | Schnelle Umsetzung betonen","paypal"
"careshop.de","https://careshop.de","info@careshop.de","070399177","Sonstiges","Klein","Normal","Sicherheitslücken ohne Updates | Einfache Lösung für komplexes Problem","Paketpreis für Migration nennen | Schnelle Umsetzung betonen","paypal"
"classic-kontor.com","https://classic-kontor.com","","+4924319551400","Sonstiges","Klein","Normal","Sicherheitslücken ohne Updates | Einfache Lösung für komplexes Problem","Paketpreis für Migration nennen | Schnelle Umsetzung betonen","paypal"
"classic-kontor.de","https://classic-kontor.de","","+4924319551400","Sonstiges","Klein","Normal","Sicherheitslücken ohne Updates | Einfache Lösung für komplexes Problem","Paketpreis für Migration nennen | Schnelle Umsetzung betonen","paypal"
"dampfdorado.de","https://dampfdorado.de","","+4968196590590","Sport/Freizeit","Klein","Normal","Sicherheitslücken ohne Updates | Einfache Lösung für komplexes Problem","Paketpreis für Migration nennen | Schnelle Umsetzung betonen","paypal"
"ddv-lokal.de","https://ddv-lokal.de","","072024986","Sonstiges","Klein","Normal","Sicherheitslücken ohne Updates | Einfache Lösung für komplexes Problem","Paketpreis für Migration nennen | Schnelle Umsetzung betonen","paypal"
"designermode.com","https://designermode.com","","+4921618391154","Mode/Textil","Klein","Normal","Sicherheitslücken ohne Updates | Einfache Lösung für komplexes Problem | Moderne UX wichtig für Zielgruppe","Paketpreis für Migration nennen | Schnelle Umsetzung betonen","paypal"
"doppellotte.de","https://doppellotte.de","info@doppellotte.de","+4935165353865","Sonstiges","Klein","Normal","Sicherheitslücken ohne Updates | Einfache Lösung für komplexes Problem","Paketpreis für Migration nennen | Schnelle Umsetzung betonen","paypal"
"duschenprofis.de","https://duschenprofis.de","info@duschenprofis.de","003747587","Sonstiges","Klein","Normal","Sicherheitslücken ohne Updates | Einfache Lösung für komplexes Problem","Paketpreis für Migration nennen | Schnelle Umsetzung betonen","paypal"
"enjoyyourcamera.com","https://enjoyyourcamera.com","","05459200576","Sonstiges","Klein","Normal","Sicherheitslücken ohne Updates | Einfache Lösung für komplexes Problem","Paketpreis für Migration nennen | Schnelle Umsetzung betonen","paypal"
"europack24.de","https://europack24.de","info@europack24.de","059288397","Sonstiges","Klein","Normal","Sicherheitslücken ohne Updates | Einfache Lösung für komplexes Problem","Paketpreis für Migration nennen | Schnelle Umsetzung betonen","paypal"
"fansport24.de","https://fansport24.de","kundenservice@fansport24.de","","Sport/Freizeit","Klein","Normal","Sicherheitslücken ohne Updates | Einfache Lösung für komplexes Problem","Paketpreis für Migration nennen | Schnelle Umsetzung betonen","paypal"
"filzgleiter-shop.de","https://filzgleiter-shop.de","mail@filzgleiter.de","0150749260","Sonstiges","Klein","Normal","Sicherheitslücken ohne Updates | Einfache Lösung für komplexes Problem","Paketpreis für Migration nennen | Schnelle Umsetzung betonen","paypal"
"golflaedchen.de","https://golflaedchen.de","","+496251936990","Sonstiges","Klein","Normal","Sicherheitslücken ohne Updates | Einfache Lösung für komplexes Problem","Paketpreis für Migration nennen | Schnelle Umsetzung betonen","paypal"
"hairprofishop.de","https://hairprofishop.de","","044148075717","Sonstiges","Klein","Normal","Sicherheitslücken ohne Updates | Einfache Lösung für komplexes Problem","Paketpreis für Migration nennen | Schnelle Umsetzung betonen","paypal"
"heidelberger-chlorella.de","https://heidelberger-chlorella.de","info@heidelberger-chlorella.de","075292063","Sonstiges","Klein","Normal","Sicherheitslücken ohne Updates | Einfache Lösung für komplexes Problem","Paketpreis für Migration nennen | Schnelle Umsetzung betonen","paypal"
"hotsound-store.com","https://hotsound-store.com","info@hot-sound.de","0677021582","Sonstiges","Klein","Normal","Sicherheitslücken ohne Updates | Einfache Lösung für komplexes Problem","Paketpreis für Migration nennen | Schnelle Umsetzung betonen","paypal"
"kaffeezentrale.de","https://kaffeezentrale.de","info@kaffeezentrale.de","+492348595820","Food/Genuss","Klein","Normal","Sicherheitslücken ohne Updates | Einfache Lösung für komplexes Problem | Strenge Compliance-Anforderungen","Paketpreis für Migration nennen | Schnelle Umsetzung betonen","paypal"
"keylargo-shop.de","https://keylargo-shop.de","","039098710","Sonstiges","Klein","Normal","Sicherheitslücken ohne Updates | Einfache Lösung für komplexes Problem","Paketpreis für Migration nennen | Schnelle Umsetzung betonen","paypal"
"kontaktlinsen.de","https://kontaktlinsen.de","","08009050200","Sonstiges","Klein","Normal","Sicherheitslücken ohne Updates | Einfache Lösung für komplexes Problem","Paketpreis für Migration nennen | Schnelle Umsetzung betonen","paypal"
"laminierfolien-24.de","https://laminierfolien-24.de","kundenservice@laminierfolien-24.de","08008882666","Sonstiges","Klein","Normal","Sicherheitslücken ohne Updates | Einfache Lösung für komplexes Problem","Paketpreis für Migration nennen | Schnelle Umsetzung betonen","paypal"
"led-emotion.de","https://led-emotion.de","","+4951328305530","Sonstiges","Klein","Normal","Sicherheitslücken ohne Updates | Einfache Lösung für komplexes Problem","Paketpreis für Migration nennen | Schnelle Umsetzung betonen","paypal"
"lldesaxe-fashion.de","https://lldesaxe-fashion.de","","+4935127270800","Mode/Textil","Klein","Normal","Sicherheitslücken ohne Updates | Einfache Lösung für komplexes Problem | Moderne UX wichtig für Zielgruppe","Paketpreis für Migration nennen | Schnelle Umsetzung betonen","paypal"
"madforshirts.de","https://madforshirts.de","","+4961357066983","Sonstiges","Klein","Normal","Sicherheitslücken ohne Updates | Einfache Lösung für komplexes Problem","Paketpreis für Migration nennen | Schnelle Umsetzung betonen","paypal"
"magic-dessous.de","https://magic-dessous.de","","+493514904208","Mode/Textil","Klein","Normal","Sicherheitslücken ohne Updates | Einfache Lösung für komplexes Problem | Moderne UX wichtig für Zielgruppe","Paketpreis für Migration nennen | Schnelle Umsetzung betonen","paypal"
"memo.de","https://memo.de","","01904021344","Sonstiges","Klein","Normal","Sicherheitslücken ohne Updates | Einfache Lösung für komplexes Problem","Paketpreis für Migration nennen | Schnelle Umsetzung betonen","paypal"
"mintkind.com","https://mintkind.com","service@mintkind.com","001923566","Sonstiges","Klein","Normal","Sicherheitslücken ohne Updates | Einfache Lösung für komplexes Problem","Paketpreis für Migration nennen | Schnelle Umsetzung betonen","paypal"
"moryskin.com","https://moryskin.com","support@moryskin.com","020861351","Sonstiges","Klein","Normal","Sicherheitslücken ohne Updates | Einfache Lösung für komplexes Problem","Paketpreis für Migration nennen | Schnelle Umsetzung betonen","paypal"
"motorradbekleidung.de","https://motorradbekleidung.de","","0210721044719221","Mode/Textil","Klein","Normal","Sicherheitslücken ohne Updates | Einfache Lösung für komplexes Problem | Moderne UX wichtig für Zielgruppe","Paketpreis für Migration nennen | Schnelle Umsetzung betonen","paypal"
"neutrends.de","https://neutrends.de","","+4961033769080","Sonstiges","Klein","Normal","Sicherheitslücken ohne Updates | Einfache Lösung für komplexes Problem","Paketpreis für Migration nennen | Schnelle Umsetzung betonen","paypal"
"original-flightjackets.com","https://original-flightjackets.com","","+4924319551400","Sonstiges","Klein","Normal","Sicherheitslücken ohne Updates | Einfache Lösung für komplexes Problem","Paketpreis für Migration nennen | Schnelle Umsetzung betonen","paypal"
"osb-sport-begeistert.com","https://osb-sport-begeistert.com","","044717228","Sport/Freizeit","Klein","Normal","Sicherheitslücken ohne Updates | Einfache Lösung für komplexes Problem","Paketpreis für Migration nennen | Schnelle Umsetzung betonen","paypal"
"outdoor-renner.de","https://outdoor-renner.de","service@outdoor-renner.de","+4987099005055","Garten/Agrar","Klein","Normal","Sicherheitslücken ohne Updates | Einfache Lösung für komplexes Problem","Paketpreis für Migration nennen | Schnelle Umsetzung betonen","paypal"
"parfuemerie-rook.de","https://parfuemerie-rook.de","","+4951176830000","Sonstiges","Klein","Normal","Sicherheitslücken ohne Updates | Einfache Lösung für komplexes Problem","Paketpreis für Migration nennen | Schnelle Umsetzung betonen","paypal"
"pflanzenhof-online.de","https://pflanzenhof-online.de","","008965566981","Garten/Agrar","Klein","Normal","Sicherheitslücken ohne Updates | Einfache Lösung für komplexes Problem","Paketpreis für Migration nennen | Schnelle Umsetzung betonen","paypal"
"pink-dots.de","https://pink-dots.de","","057701938","Sonstiges","Klein","Normal","Sicherheitslücken ohne Updates | Einfache Lösung für komplexes Problem","Paketpreis für Migration nennen | Schnelle Umsetzung betonen","paypal"
"reiche-sicherheit.de","https://reiche-sicherheit.de","r.heinrich@reiche-sicherheit.de","034520938700","Sonstiges","Klein","Normal","Sicherheitslücken ohne Updates | Einfache Lösung für komplexes Problem","Paketpreis für Migration nennen | Schnelle Umsetzung betonen","paypal"
"roofers-shop.de","https://roofers-shop.de","","+49255793660","Sonstiges","Klein","Normal","Sicherheitslücken ohne Updates | Einfache Lösung für komplexes Problem","Paketpreis für Migration nennen | Schnelle Umsetzung betonen","paypal"
"schreibwaren-wegmann.de","https://schreibwaren-wegmann.de","","09922609490","Sonstiges","Klein","Normal","Sicherheitslücken ohne Updates | Einfache Lösung für komplexes Problem","Paketpreis für Migration nennen | Schnelle Umsetzung betonen","paypal"
"servermind.de","https://servermind.de","info@dcmind.de","+498930669410","Sonstiges","Klein","Normal","Sicherheitslücken ohne Updates | Einfache Lösung für komplexes Problem","Paketpreis für Migration nennen | Schnelle Umsetzung betonen","paypal"
"sicherheitstechnik-feldmann-shop.de","https://sicherheitstechnik-feldmann-shop.de","werner-feldmann@online.de","+498920232216","Sonstiges","Klein","Normal","Sicherheitslücken ohne Updates | Einfache Lösung für komplexes Problem","Paketpreis für Migration nennen | Schnelle Umsetzung betonen","paypal"
"silber-corner.de","https://silber-corner.de","","038702175","Schmuck/Uhren","Klein","Normal","Sicherheitslücken ohne Updates | Einfache Lösung für komplexes Problem","Paketpreis für Migration nennen | Schnelle Umsetzung betonen","paypal"
"sonnenmax.de","https://sonnenmax.de","","+492841368770","Sonstiges","Klein","Normal","Sicherheitslücken ohne Updates | Einfache Lösung für komplexes Problem","Paketpreis für Migration nennen | Schnelle Umsetzung betonen","paypal"
"sonnensegel-pina.de","https://sonnensegel-pina.de","","+4923827680922","Sonstiges","Klein","Normal","Sicherheitslücken ohne Updates | Einfache Lösung für komplexes Problem","Paketpreis für Migration nennen | Schnelle Umsetzung betonen","paypal"
"soukdumaroc.de","https://soukdumaroc.de","info@soukdumaroc.de","+492287077327","Sonstiges","Klein","Normal","Sicherheitslücken ohne Updates | Einfache Lösung für komplexes Problem","Paketpreis für Migration nennen | Schnelle Umsetzung betonen","paypal"
"sportklahsen.de","https://sportklahsen.de","info@sportklahsen.de","0496291360","Sport/Freizeit","Klein","Normal","Sicherheitslücken ohne Updates | Einfache Lösung für komplexes Problem","Paketpreis für Migration nennen | Schnelle Umsetzung betonen","paypal"
"tor7.de","https://tor7.de","","070894167","Sonstiges","Klein","Normal","Sicherheitslücken ohne Updates | Einfache Lösung für komplexes Problem","Paketpreis für Migration nennen | Schnelle Umsetzung betonen","paypal"
"wocashop.de","https://wocashop.de","beratung@wocashop.de","076311832600","Sonstiges","Klein","Normal","Sicherheitslücken ohne Updates | Einfache Lösung für komplexes Problem","Paketpreis für Migration nennen | Schnelle Umsetzung betonen","paypal"
"zooroyal.de","https://zooroyal.de","deineemail@beispiel.de","0017921792","Sonstiges","Klein","Normal","Sicherheitslücken ohne Updates | Einfache Lösung für komplexes Problem","Paketpreis für Migration nennen | Schnelle Umsetzung betonen","paypal"
"as-garten.de","https://as-garten.de","info@as-garten.de","00491805336999","Garten/Agrar","Klein","Normal","Sicherheitslücken ohne Updates | Einfache Lösung für komplexes Problem","Paketpreis für Migration nennen | Schnelle Umsetzung betonen","paypal"
"davert.de","https://davert.de","info@davert.de","","Sonstiges","Klein","Normal","Sicherheitslücken ohne Updates | Einfache Lösung für komplexes Problem","Paketpreis für Migration nennen | Schnelle Umsetzung betonen","paypal"
"uhrinstinkt.de","https://uhrinstinkt.de","","0111378064088","Schmuck/Uhren","Klein","Normal","Sicherheitslücken ohne Updates | Einfache Lösung für komplexes Problem","Paketpreis für Migration nennen | Schnelle Umsetzung betonen","paypal"
"weinfreunde.de","https://weinfreunde.de","","06904327344","Food/Genuss","Klein","Normal","Sicherheitslücken ohne Updates | Einfache Lösung für komplexes Problem | Strenge Compliance-Anforderungen","Paketpreis für Migration nennen | Schnelle Umsetzung betonen","paypal"
"funktechnik-bielefeld.de","https://funktechnik-bielefeld.de","","015204080","Sonstiges","Klein","Normal","Sicherheitslücken ohne Updates | Einfache Lösung für komplexes Problem","Paketpreis für Migration nennen | Schnelle Umsetzung betonen","paypal"
"shirtinator.de","https://shirtinator.de","","0260130082656","Sonstiges","Klein","Normal","Sicherheitslücken ohne Updates | Einfache Lösung für komplexes Problem","Paketpreis für Migration nennen | Schnelle Umsetzung betonen","paypal"
"rietze.de","https://rietze.de","info@rietze.de","00499187960","Sonstiges","Klein","Normal","Sicherheitslücken ohne Updates | Einfache Lösung für komplexes Problem","Paketpreis für Migration nennen | Schnelle Umsetzung betonen","paypal"
"faller.de","https://faller.de","","070008012","Sonstiges","Klein","Normal","Sicherheitslücken ohne Updates | Einfache Lösung für komplexes Problem","Paketpreis für Migration nennen | Schnelle Umsetzung betonen","paypal"
"grundstoff.net","https://grundstoff.net","service@grundstoff.net","+4961049872250","Sonstiges","Klein","Normal","Sicherheitslücken ohne Updates | Einfache Lösung für komplexes Problem","Paketpreis für Migration nennen | Schnelle Umsetzung betonen","paypal"
"gardinen-sauer.de","https://gardinen-sauer.de","info@gardinen-sauer.de","+497161969353","Sonstiges","Klein","Normal","Sicherheitslücken ohne Updates | Einfache Lösung für komplexes Problem","Paketpreis für Migration nennen | Schnelle Umsetzung betonen","paypal"
"jagido.de","https://jagido.de","","+497802705209","Sonstiges","Klein","Normal","Sicherheitslücken ohne Updates | Einfache Lösung für komplexes Problem","Paketpreis für Migration nennen | Schnelle Umsetzung betonen","paypal"
"markanto.de","https://markanto.de","","+492219723920","Sonstiges","Klein","Normal","Sicherheitslücken ohne Updates | Einfache Lösung für komplexes Problem","Paketpreis für Migration nennen | Schnelle Umsetzung betonen","paypal"
"rc-modell-shop.de","https://rc-modell-shop.de","","+4936202777588","Mode/Textil","Klein","Normal","Sicherheitslücken ohne Updates | Einfache Lösung für komplexes Problem | Moderne UX wichtig für Zielgruppe","Paketpreis für Migration nennen | Schnelle Umsetzung betonen","paypal"
"tapir-store.de","https://tapir-store.de","mail@tapir-store.de","+493412110300","Sonstiges","Klein","Normal","Sicherheitslücken ohne Updates | Einfache Lösung für komplexes Problem","Paketpreis für Migration nennen | Schnelle Umsetzung betonen","paypal"
"trauringshop24.de","https://trauringshop24.de","","070867715","Sonstiges","Klein","Normal","Sicherheitslücken ohne Updates | Einfache Lösung für komplexes Problem","Paketpreis für Migration nennen | Schnelle Umsetzung betonen","paypal"
"bw-discount.de","https://bw-discount.de","","004985513219857","Sonstiges","Klein","Normal","Sicherheitslücken ohne Updates | Einfache Lösung für komplexes Problem","Paketpreis für Migration nennen | Schnelle Umsetzung betonen","paypal"
"cramershop.com","https://cramershop.com","service@cramershop.com","+494054737850","Sonstiges","Klein","Normal","Sicherheitslücken ohne Updates | Einfache Lösung für komplexes Problem","Paketpreis für Migration nennen | Schnelle Umsetzung betonen","paypal"
"duerninger.de","https://duerninger.de","","+499112342511","Sonstiges","Klein","Normal","Sicherheitslücken ohne Updates | Einfache Lösung für komplexes Problem","Paketpreis für Migration nennen | Schnelle Umsetzung betonen","paypal"
"fotobrenner.de","https://fotobrenner.de","info@fotobrenner.de","09616706050","Sonstiges","Klein","Normal","Sicherheitslücken ohne Updates | Einfache Lösung für komplexes Problem","Paketpreis für Migration nennen | Schnelle Umsetzung betonen","paypal"
"fpvcopter.de","https://fpvcopter.de","service@fpvcopter.de","","Sonstiges","Klein","Normal","Sicherheitslücken ohne Updates | Einfache Lösung für komplexes Problem","Paketpreis für Migration nennen | Schnelle Umsetzung betonen","paypal"
"frogcoffee.de","https://frogcoffee.de","","001530099","Sonstiges","Klein","Normal","Sicherheitslücken ohne Updates | Einfache Lösung für komplexes Problem","Paketpreis für Migration nennen | Schnelle Umsetzung betonen","paypal"
"gradmann1864.de","https://gradmann1864.de","","0599202772905","Sport/Freizeit","Klein","Normal","Sicherheitslücken ohne Updates | Einfache Lösung für komplexes Problem","Paketpreis für Migration nennen | Schnelle Umsetzung betonen","paypal"
"heunert.de","https://heunert.de","","+4929216890","Sonstiges","Klein","Normal","Sicherheitslücken ohne Updates | Einfache Lösung für komplexes Problem","Paketpreis für Migration nennen | Schnelle Umsetzung betonen","paypal"
"purenature.de","https://purenature.de","info@purenature.de","06784983990","Sonstiges","Klein","Normal","Sicherheitslücken ohne Updates | Einfache Lösung für komplexes Problem","Paketpreis für Migration nennen | Schnelle Umsetzung betonen","paypal"